Country name,Happiness Rank,Happiness score,Upperwhisker,Lowerwhisker,Economy (GDP per Capita)	,Social support,Healthy life expectancy,Freedom to make life choices,Generosity,Perceptions of corruption,Year
Finland,1,7.81,7.87,7.75,1.29,1.5,0.96,0.66,0.16,0.48,2020
Denmark,2,7.65,7.71,7.58,1.33,1.5,0.98,0.67,0.24,0.5,2020
Switzerland,3,7.56,7.63,7.49,1.39,1.47,1.04,0.63,0.27,0.41,2020
Iceland,4,7.5,7.62,7.39,1.33,1.55,1.0,0.66,0.36,0.14,2020
Norway,5,7.49,7.56,7.42,1.42,1.5,1.01,0.67,0.29,0.43,2020
Netherlands,6,7.45,7.5,7.39,1.34,1.46,0.98,0.61,0.34,0.37,2020
Sweden,7,7.35,7.42,7.28,1.32,1.43,0.99,0.65,0.27,0.44,2020
New Zealand,8,7.3,7.38,7.22,1.24,1.49,1.01,0.65,0.33,0.46,2020
Austria,9,7.29,7.36,7.23,1.32,1.44,1.0,0.6,0.26,0.28,2020
Luxembourg,10,7.24,7.3,7.18,1.54,1.39,0.99,0.61,0.2,0.37,2020
Canada,11,7.23,7.31,7.15,1.3,1.44,1.02,0.64,0.28,0.35,2020
Australia,12,7.22,7.3,7.14,1.31,1.48,1.02,0.62,0.32,0.34,2020
United Kingdom,13,7.16,7.24,7.09,1.27,1.46,0.98,0.53,0.37,0.32,2020
Israel,14,7.13,7.21,7.05,1.22,1.4,1.01,0.42,0.27,0.1,2020
Costa Rica,15,7.12,7.21,7.03,0.98,1.37,0.94,0.65,0.13,0.1,2020
Ireland,16,7.09,7.17,7.02,1.45,1.47,0.98,0.59,0.3,0.37,2020
Germany,17,7.08,7.15,7.01,1.31,1.37,0.97,0.56,0.25,0.31,2020
United States,18,6.94,7.03,6.85,1.37,1.4,0.83,0.53,0.3,0.15,2020
Czech Republic,19,6.91,6.99,6.83,1.21,1.41,0.89,0.51,0.05,0.05,2020
Belgium,20,6.86,6.93,6.8,1.3,1.4,0.96,0.5,0.15,0.21,2020
United Arab Emirates,21,6.79,6.87,6.71,1.43,1.25,0.79,0.65,0.28,0.22,2020
Malta,22,6.77,6.86,6.69,1.25,1.44,0.97,0.63,0.34,0.18,2020
France,23,6.66,6.74,6.59,1.27,1.46,1.03,0.51,0.11,0.23,2020
Mexico,24,6.47,6.56,6.37,1.02,1.23,0.83,0.55,0.08,0.08,2020
Taiwan Province of China,25,6.46,6.53,6.38,1.33,1.36,0.88,0.45,0.15,0.13,2020
Uruguay,26,6.44,6.53,6.35,1.07,1.43,0.86,0.59,0.13,0.19,2020
Saudi Arabia,27,6.41,6.52,6.3,1.33,1.31,0.76,0.55,0.09,0.16,2020
Spain,28,6.4,6.48,6.32,1.23,1.42,1.05,0.43,0.17,0.11,2020
Guatemala,29,6.4,6.51,6.28,0.75,1.17,0.71,0.61,0.17,0.1,2020
Italy,30,6.39,6.47,6.3,1.24,1.35,1.02,0.32,0.17,0.04,2020
Singapore,31,6.38,6.44,6.31,1.52,1.4,1.14,0.64,0.22,0.53,2020
Brazil,32,6.38,6.46,6.3,0.95,1.36,0.77,0.48,0.13,0.11,2020
Slovenia,33,6.36,6.45,6.28,1.21,1.46,0.93,0.65,0.15,0.08,2020
El Salvador,34,6.35,6.46,6.23,0.75,1.15,0.75,0.52,0.12,0.12,2020
Kosovo,35,6.33,6.43,6.22,0.84,1.18,0.67,0.56,0.33,0.01,2020
Panama,36,6.3,6.42,6.19,1.1,1.38,0.88,0.58,0.1,0.05,2020
Slovakia,37,6.28,6.36,6.2,1.19,1.42,0.85,0.42,0.12,0.01,2020
Uzbekistan,38,6.26,6.36,6.15,0.7,1.43,0.72,0.69,0.36,0.28,2020
Chile,39,6.23,6.32,6.14,1.1,1.32,0.89,0.42,0.16,0.06,2020
Bahrain,40,6.23,6.39,6.07,1.3,1.32,0.84,0.61,0.29,0.13,2020
Lithuania,41,6.22,6.3,6.13,1.19,1.43,0.8,0.42,0.05,0.08,2020
Trinidad and Tobago,42,6.19,6.42,5.97,1.17,1.41,0.66,0.55,0.2,0.02,2020
Poland,43,6.19,6.26,6.12,1.17,1.31,0.87,0.56,0.06,0.16,2020
Colombia,44,6.16,6.27,6.05,0.93,1.33,0.81,0.53,0.09,0.05,2020
Cyprus,45,6.16,6.26,6.06,1.21,1.15,1.03,0.46,0.23,0.05,2020
Nicaragua,46,6.14,6.26,6.01,0.62,1.27,0.8,0.56,0.21,0.17,2020
Romania,47,6.12,6.22,6.03,1.12,1.19,0.79,0.53,0.07,0.0,2020
Kuwait,48,6.1,6.21,6.0,1.42,1.24,0.78,0.57,0.13,0.11,2020
Mauritius,49,6.1,6.21,5.99,1.07,1.4,0.76,0.59,0.19,0.08,2020
Kazakhstan,50,6.06,6.14,5.97,1.12,1.45,0.7,0.5,0.15,0.11,2020
Estonia,51,6.02,6.09,5.95,1.19,1.45,0.84,0.58,0.13,0.2,2020
Philippines,52,6.01,6.1,5.91,0.78,1.25,0.6,0.62,0.13,0.13,2020
Hungary,53,6.0,6.08,5.92,1.16,1.42,0.81,0.39,0.07,0.03,2020
Thailand,54,6.0,6.08,5.92,1.01,1.35,0.79,0.61,0.38,0.03,2020
Argentina,55,5.97,6.08,5.87,1.03,1.37,0.85,0.52,0.07,0.06,2020
Honduras,56,5.95,6.08,5.82,0.6,1.19,0.79,0.57,0.26,0.09,2020
Latvia,57,5.95,6.02,5.88,1.14,1.41,0.78,0.33,0.08,0.09,2020
Ecuador,58,5.93,6.03,5.82,0.85,1.22,0.84,0.56,0.12,0.09,2020
Portugal,59,5.91,6.02,5.81,1.17,1.34,0.98,0.59,0.05,0.03,2020
Jamaica,60,5.89,6.13,5.65,0.78,1.41,0.79,0.55,0.12,0.03,2020
South Korea,61,5.87,5.96,5.79,1.25,1.13,1.02,0.26,0.17,0.09,2020
Japan,62,5.87,5.95,5.79,1.27,1.33,1.07,0.5,0.04,0.18,2020
Peru,63,5.8,5.92,5.68,0.92,1.21,0.82,0.51,0.09,0.03,2020
Serbia,64,5.78,5.88,5.68,0.99,1.33,0.83,0.4,0.15,0.06,2020
Bolivia,65,5.75,5.85,5.65,0.73,1.14,0.66,0.57,0.14,0.07,2020
Pakistan,66,5.69,5.79,5.6,0.62,0.87,0.47,0.41,0.23,0.12,2020
Paraguay,67,5.69,5.79,5.59,0.9,1.37,0.74,0.59,0.2,0.07,2020
Dominican Republic,68,5.69,5.83,5.55,0.98,1.33,0.74,0.56,0.11,0.12,2020
Bosnia and Herzegovina,69,5.67,5.77,5.58,0.92,1.2,0.81,0.31,0.26,0.0,2020
Moldova,70,5.61,5.69,5.52,0.71,1.24,0.71,0.39,0.17,0.01,2020
Tajikistan,71,5.56,5.62,5.49,0.47,1.22,0.68,0.52,0.18,0.22,2020
Montenegro,72,5.55,5.64,5.45,1.01,1.27,0.84,0.3,0.15,0.1,2020
Russia,73,5.55,5.62,5.47,1.13,1.38,0.68,0.4,0.1,0.05,2020
Kyrgyzstan,74,5.54,5.63,5.46,0.51,1.34,0.68,0.61,0.3,0.03,2020
Belarus,75,5.54,5.61,5.47,1.02,1.39,0.75,0.29,0.09,0.19,2020
North Cyprus,76,5.54,5.64,5.44,1.21,1.18,1.03,0.48,0.2,0.2,2020
Greece,77,5.51,5.61,5.42,1.13,1.17,0.98,0.17,0.0,0.05,2020
Hong Kong S.A.R. of China,78,5.51,5.6,5.42,1.38,1.24,1.14,0.46,0.29,0.33,2020
Croatia,79,5.5,5.58,5.43,1.11,1.31,0.9,0.38,0.11,0.01,2020
Libya,80,5.49,5.61,5.37,1.02,1.2,0.62,0.45,0.14,0.17,2020
Mongolia,81,5.46,5.54,5.38,0.9,1.46,0.62,0.36,0.26,0.05,2020
Malaysia,82,5.38,5.48,5.29,1.17,1.17,0.79,0.6,0.27,0.06,2020
Vietnam,83,5.35,5.42,5.29,0.72,1.25,0.82,0.65,0.14,0.09,2020
Indonesia,84,5.29,5.38,5.19,0.89,1.15,0.61,0.57,0.54,0.04,2020
Ivory Coast,85,5.23,5.38,5.09,0.54,0.8,0.15,0.4,0.17,0.09,2020
Benin,86,5.22,5.37,5.06,0.37,0.35,0.33,0.41,0.2,0.13,2020
Maldives,87,5.2,5.34,5.06,0.94,1.4,0.91,0.55,0.22,0.07,2020
Congo (Brazzaville),88,5.19,5.35,5.04,0.63,0.76,0.46,0.39,0.12,0.12,2020
Azerbaijan,89,5.16,5.23,5.1,0.99,1.18,0.73,0.47,0.04,0.25,2020
Macedonia,90,5.16,5.25,5.07,0.94,1.18,0.8,0.41,0.19,0.02,2020
Ghana,91,5.15,5.26,5.03,0.58,0.97,0.43,0.48,0.26,0.06,2020
Nepal,92,5.14,5.25,5.02,0.44,1.1,0.67,0.48,0.3,0.13,2020
Turkey,93,5.13,5.21,5.05,1.13,1.2,0.78,0.25,0.09,0.12,2020
China,94,5.12,5.17,5.07,0.99,1.13,0.87,0.6,0.08,0.12,2020
Turkmenistan,95,5.12,5.18,5.06,1.01,1.51,0.61,0.52,0.32,0.03,2020
Bulgaria,96,5.1,5.19,5.01,1.05,1.46,0.78,0.42,0.1,0.0,2020
Morocco,97,5.09,5.2,4.99,0.76,0.65,0.75,0.45,0.04,0.08,2020
Cameroon,98,5.08,5.22,4.95,0.5,0.9,0.27,0.44,0.2,0.05,2020
Venezuela,99,5.05,5.18,4.93,0.77,1.35,0.77,0.27,0.09,0.06,2020
Algeria,100,5.01,5.09,4.92,0.94,1.14,0.75,0.08,0.12,0.13,2020
Senegal,101,4.98,5.08,4.88,0.5,0.95,0.52,0.35,0.16,0.08,2020
Guinea,102,4.95,5.09,4.81,0.39,0.75,0.33,0.37,0.25,0.11,2020
Niger,103,4.91,5.06,4.76,0.11,0.7,0.3,0.44,0.21,0.14,2020
Laos,104,4.89,4.97,4.81,0.71,0.99,0.49,0.61,0.27,0.19,2020
Albania,105,4.88,4.99,4.77,0.91,0.83,0.85,0.46,0.17,0.03,2020
Cambodia,106,4.85,4.96,4.73,0.54,1.07,0.59,0.67,0.23,0.07,2020
Bangladesh,107,4.83,4.91,4.75,0.56,0.87,0.69,0.6,0.18,0.18,2020
Gabon,108,4.83,4.95,4.71,0.99,1.11,0.52,0.37,0.05,0.06,2020
South Africa,109,4.81,4.93,4.7,0.9,1.26,0.41,0.43,0.13,0.06,2020
Iraq,110,4.78,4.94,4.63,0.98,1.01,0.53,0.28,0.15,0.07,2020
Lebanon,111,4.77,4.86,4.69,0.89,1.19,0.79,0.19,0.16,0.02,2020
Burkina Faso,112,4.77,4.89,4.65,0.3,0.93,0.31,0.32,0.19,0.13,2020
Gambia,113,4.75,4.88,4.62,0.26,0.88,0.35,0.4,0.43,0.16,2020
Mali,114,4.73,4.86,4.6,0.35,0.97,0.23,0.38,0.17,0.06,2020
Nigeria,115,4.72,4.83,4.62,0.65,0.99,0.17,0.44,0.22,0.05,2020
Armenia,116,4.68,4.79,4.56,0.81,1.03,0.78,0.38,0.11,0.1,2020
Georgia,117,4.67,4.76,4.59,0.85,0.73,0.69,0.49,0.05,0.17,2020
Iran,118,4.67,4.78,4.56,1.03,0.89,0.75,0.3,0.28,0.14,2020
Jordan,119,4.63,4.75,4.52,0.79,1.14,0.78,0.42,0.09,0.15,2020
Mozambique,120,4.62,4.78,4.47,0.18,0.96,0.32,0.56,0.22,0.16,2020
Kenya,121,4.58,4.72,4.45,0.48,0.91,0.54,0.52,0.39,0.07,2020
Namibia,122,4.57,4.69,4.45,0.84,1.25,0.41,0.44,0.08,0.05,2020
Ukraine,123,4.56,4.66,4.46,0.78,1.32,0.7,0.32,0.18,0.01,2020
Liberia,124,4.56,4.72,4.4,0.17,0.92,0.39,0.41,0.23,0.05,2020
Palestinian Territories,125,4.55,4.66,4.44,0.59,1.19,0.61,0.3,0.09,0.07,2020
Uganda,126,4.43,4.57,4.3,0.31,1.05,0.38,0.4,0.26,0.06,2020
Chad,127,4.42,4.57,4.28,0.3,0.74,0.11,0.23,0.21,0.09,2020
Tunisia,128,4.39,4.49,4.29,0.87,0.87,0.78,0.24,0.06,0.04,2020
Mauritania,129,4.37,4.48,4.27,0.54,1.11,0.43,0.19,0.13,0.12,2020
Sri Lanka,130,4.33,4.43,4.22,0.9,1.19,0.79,0.53,0.25,0.05,2020
Congo (Kinshasa),131,4.31,4.52,4.1,0.06,0.83,0.28,0.36,0.25,0.08,2020
Swaziland,132,4.31,4.45,4.17,0.83,1.06,0.22,0.3,0.07,0.15,2020
Myanmar,133,4.31,4.39,4.22,0.68,1.1,0.5,0.6,0.57,0.19,2020
Comoros,134,4.29,4.45,4.12,0.42,0.72,0.44,0.18,0.26,0.1,2020
Togo,135,4.19,4.31,4.06,0.27,0.55,0.34,0.3,0.2,0.11,2020
Ethiopia,136,4.19,4.26,4.11,0.32,1.0,0.48,0.41,0.23,0.12,2020
Madagascar,137,4.17,4.28,4.05,0.24,0.82,0.5,0.19,0.19,0.08,2020
Egypt,138,4.15,4.22,4.08,0.88,0.98,0.6,0.37,0.07,0.1,2020
Sierra Leone,139,3.93,4.05,3.81,0.24,0.75,0.2,0.38,0.26,0.05,2020
Burundi,140,3.78,3.99,3.57,0.0,0.4,0.3,0.28,0.19,0.21,2020
Zambia,141,3.76,3.88,3.64,0.54,0.9,0.36,0.49,0.25,0.09,2020
Haiti,142,3.72,3.92,3.52,0.28,0.65,0.37,0.17,0.46,0.16,2020
Lesotho,143,3.65,3.81,3.49,0.45,1.09,0.1,0.41,0.1,0.05,2020
India,144,3.57,3.63,3.52,0.73,0.64,0.54,0.58,0.24,0.11,2020
Malawi,145,3.54,3.68,3.4,0.18,0.53,0.45,0.49,0.21,0.13,2020
Yemen,146,3.53,3.63,3.42,0.39,1.18,0.42,0.24,0.09,0.09,2020
Botswana,147,3.48,3.6,3.36,1.0,1.09,0.49,0.51,0.03,0.1,2020
Tanzania,148,3.48,3.6,3.35,0.46,0.87,0.44,0.51,0.27,0.2,2020
Central African Republic,149,3.48,3.7,3.25,0.04,0.0,0.0,0.29,0.25,0.03,2020
Rwanda,150,3.31,3.42,3.21,0.34,0.52,0.57,0.6,0.24,0.49,2020
Zimbabwe,151,3.3,3.41,3.18,0.43,1.05,0.38,0.38,0.15,0.08,2020
South Sudan,152,2.82,3.03,2.61,0.29,0.55,0.21,0.07,0.21,0.11,2020
Afghanistan,153,2.57,2.63,2.51,0.3,0.36,0.27,0.0,0.14,0.0,2020
Finland,1,7.842,7.904,7.78,1.446,1.106,0.741,0.691,0.124,0.481,2021
Denmark,2,7.62,7.687,7.552,1.502,1.108,0.763,0.686,0.208,0.485,2021
Switzerland,3,7.571,7.643,7.5,1.566,1.079,0.816,0.653,0.204,0.413,2021
Iceland,4,7.554,7.67,7.438,1.482,1.172,0.772,0.698,0.293,0.17,2021
Netherlands,5,7.464,7.518,7.41,1.501,1.079,0.753,0.647,0.302,0.384,2021
Norway,6,7.392,7.462,7.323,1.543,1.108,0.782,0.703,0.249,0.427,2021
Sweden,7,7.363,7.433,7.293,1.478,1.062,0.763,0.685,0.244,0.448,2021
Luxembourg,8,7.324,7.396,7.252,1.751,1.003,0.76,0.639,0.166,0.353,2021
New Zealand,9,7.277,7.355,7.198,1.4,1.094,0.785,0.665,0.276,0.445,2021
Austria,10,7.268,7.337,7.198,1.492,1.062,0.782,0.64,0.215,0.292,2021
Australia,11,7.183,7.265,7.102,1.453,1.076,0.801,0.647,0.291,0.317,2021
Israel,12,7.157,7.224,7.09,1.376,1.074,0.788,0.509,0.208,0.119,2021
Germany,13,7.155,7.232,7.077,1.48,0.993,0.757,0.6,0.195,0.306,2021
Canada,14,7.103,7.185,7.021,1.447,1.044,0.798,0.648,0.246,0.335,2021
Ireland,15,7.085,7.164,7.006,1.644,1.092,0.753,0.606,0.238,0.367,2021
Costa Rica,16,7.069,7.179,6.96,1.134,0.966,0.722,0.673,0.105,0.083,2021
United Kingdom,17,7.064,7.138,6.99,1.423,1.062,0.757,0.58,0.34,0.306,2021
Czech Republic,18,6.965,7.062,6.868,1.37,1.09,0.703,0.58,0.052,0.046,2021
United States,19,6.951,7.047,6.856,1.533,1.03,0.621,0.554,0.252,0.154,2021
Belgium,20,6.834,6.901,6.767,1.463,0.998,0.747,0.489,0.088,0.187,2021
France,21,6.69,6.762,6.618,1.421,1.081,0.804,0.536,0.092,0.235,2021
Bahrain,22,6.647,6.779,6.514,1.409,0.899,0.662,0.661,0.246,0.139,2021
Malta,23,6.602,6.688,6.516,1.411,1.055,0.747,0.664,0.275,0.183,2021
Taiwan Province of China,24,6.584,6.659,6.51,1.48,0.982,0.665,0.49,0.142,0.139,2021
United Arab Emirates,25,6.561,6.637,6.484,1.555,0.86,0.594,0.67,0.236,0.223,2021
Saudi Arabia,26,6.494,6.604,6.384,1.435,0.964,0.571,0.603,0.09,0.163,2021
Spain,27,6.491,6.574,6.408,1.375,1.057,0.826,0.462,0.135,0.124,2021
Italy,28,6.483,6.572,6.395,1.393,0.94,0.798,0.379,0.133,0.047,2021
Slovenia,29,6.461,6.546,6.376,1.36,1.093,0.722,0.69,0.122,0.085,2021
Guatemala,30,6.435,6.577,6.292,0.845,0.79,0.519,0.638,0.163,0.105,2021
Uruguay,31,6.431,6.521,6.341,1.164,1.042,0.649,0.625,0.128,0.223,2021
Singapore,32,6.377,6.46,6.293,1.695,1.019,0.897,0.664,0.176,0.547,2021
Kosovo,33,6.372,6.487,6.257,0.937,0.807,0.483,0.593,0.356,0.014,2021
Slovakia,34,6.331,6.411,6.251,1.304,1.066,0.653,0.468,0.107,0.018,2021
Brazil,35,6.33,6.415,6.245,1.028,0.944,0.571,0.514,0.142,0.117,2021
Mexico,36,6.317,6.42,6.213,1.126,0.83,0.634,0.585,0.092,0.089,2021
Jamaica,37,6.309,6.615,6.004,0.891,0.932,0.599,0.618,0.099,0.035,2021
Lithuania,38,6.255,6.344,6.167,1.35,1.065,0.612,0.476,0.056,0.073,2021
Cyprus,39,6.223,6.319,6.128,1.377,0.765,0.801,0.464,0.178,0.061,2021
Estonia,40,6.189,6.263,6.115,1.344,1.079,0.64,0.641,0.119,0.263,2021
Panama,41,6.18,6.323,6.036,1.298,0.976,0.667,0.596,0.079,0.053,2021
Uzbekistan,42,6.179,6.312,6.045,0.769,1.027,0.528,0.716,0.391,0.271,2021
Chile,43,6.172,6.262,6.081,1.2,0.946,0.678,0.438,0.159,0.07,2021
Poland,44,6.166,6.245,6.087,1.309,0.982,0.668,0.558,0.08,0.13,2021
Kazakhstan,45,6.152,6.243,6.06,1.23,1.103,0.527,0.573,0.143,0.132,2021
Romania,46,6.14,6.253,6.027,1.275,0.832,0.595,0.564,0.045,0.001,2021
Kuwait,47,6.106,6.235,5.977,1.461,0.857,0.58,0.591,0.12,0.13,2021
Serbia,48,6.078,6.181,5.974,1.101,0.924,0.634,0.482,0.189,0.066,2021
El Salvador,49,6.061,6.188,5.933,0.845,0.675,0.565,0.615,0.116,0.16,2021
Mauritius,50,6.049,6.165,5.933,1.178,0.996,0.574,0.59,0.153,0.096,2021
Latvia,51,6.032,6.103,5.961,1.285,1.047,0.587,0.405,0.082,0.089,2021
Colombia,52,6.012,6.132,5.892,1.021,0.866,0.615,0.554,0.1,0.063,2021
Hungary,53,5.992,6.085,5.899,1.301,1.083,0.615,0.454,0.067,0.04,2021
Thailand,54,5.985,6.077,5.893,1.107,0.957,0.596,0.611,0.375,0.028,2021
Nicaragua,55,5.972,6.134,5.81,0.693,0.904,0.604,0.553,0.201,0.176,2021
Japan,56,5.94,6.02,5.861,1.389,0.949,0.838,0.504,0.02,0.192,2021
Argentina,57,5.929,6.04,5.819,1.162,0.98,0.646,0.544,0.069,0.067,2021
Portugal,58,5.929,6.037,5.821,1.323,0.939,0.76,0.621,0.029,0.033,2021
Honduras,59,5.919,6.081,5.758,0.703,0.787,0.593,0.578,0.241,0.083,2021
Croatia,60,5.882,5.975,5.788,1.251,1.039,0.703,0.453,0.111,0.0,2021
Philippines,61,5.88,5.982,5.778,0.853,0.828,0.426,0.651,0.125,0.126,2021
South Korea,62,5.845,5.928,5.763,1.403,0.758,0.801,0.353,0.134,0.135,2021
Peru,63,5.84,5.988,5.692,0.986,0.833,0.623,0.536,0.087,0.031,2021
Bosnia and Herzegovina,64,5.813,5.911,5.715,1.032,0.919,0.618,0.395,0.261,0.005,2021
Moldova,65,5.766,5.856,5.677,0.985,0.888,0.542,0.536,0.137,0.013,2021
Ecuador,66,5.764,5.875,5.653,0.935,0.806,0.64,0.56,0.107,0.062,2021
Kyrgyzstan,67,5.744,5.834,5.653,0.665,0.971,0.501,0.673,0.266,0.02,2021
Greece,68,5.723,5.813,5.632,1.273,0.811,0.76,0.243,0.0,0.074,2021
Bolivia,69,5.716,5.819,5.613,0.842,0.782,0.486,0.6,0.138,0.064,2021
Mongolia,70,5.677,5.76,5.595,0.966,1.065,0.442,0.397,0.263,0.053,2021
Paraguay,71,5.653,5.832,5.473,0.983,0.97,0.549,0.602,0.206,0.037,2021
Montenegro,72,5.581,5.686,5.475,1.155,0.891,0.637,0.397,0.166,0.081,2021
Dominican Republic,73,5.545,5.685,5.405,1.106,0.879,0.555,0.581,0.101,0.144,2021
North Cyprus,74,5.536,5.636,5.435,1.377,0.806,0.801,0.503,0.196,0.2,2021
Belarus,75,5.534,5.625,5.442,1.124,1.007,0.56,0.326,0.07,0.199,2021
Russia,76,5.477,5.541,5.413,1.241,0.992,0.511,0.409,0.115,0.06,2021
Hong Kong S.A.R. of China,77,5.477,5.573,5.38,1.525,0.841,0.893,0.408,0.232,0.342,2021
Tajikistan,78,5.466,5.532,5.4,0.508,0.895,0.498,0.548,0.152,0.247,2021
Vietnam,79,5.411,5.488,5.334,0.817,0.873,0.616,0.679,0.124,0.091,2021
Libya,80,5.41,5.558,5.262,1.044,0.821,0.435,0.474,0.131,0.174,2021
Malaysia,81,5.384,5.48,5.289,1.259,0.797,0.587,0.624,0.27,0.064,2021
Indonesia,82,5.345,5.454,5.235,0.954,0.786,0.433,0.598,0.541,0.046,2021
Congo (Brazzaville),83,5.342,5.533,5.151,0.518,0.392,0.307,0.381,0.144,0.124,2021
China,84,5.339,5.397,5.281,1.061,0.785,0.665,0.636,0.093,0.117,2021
Ivory Coast,85,5.306,5.46,5.152,0.669,0.409,0.052,0.438,0.177,0.092,2021
Armenia,86,5.283,5.397,5.168,0.996,0.758,0.585,0.54,0.079,0.198,2021
Nepal,87,5.269,5.406,5.132,0.519,0.702,0.496,0.488,0.287,0.135,2021
Bulgaria,88,5.266,5.371,5.16,1.181,1.055,0.583,0.494,0.125,0.005,2021
Maldives,89,5.198,5.339,5.057,1.115,1.015,0.697,0.575,0.204,0.073,2021
Azerbaijan,90,5.171,5.25,5.091,1.025,0.841,0.541,0.526,0.043,0.276,2021
Cameroon,91,5.142,5.288,4.996,0.543,0.556,0.159,0.425,0.205,0.058,2021
Senegal,92,5.132,5.266,4.998,0.518,0.558,0.357,0.381,0.158,0.088,2021
Albania,93,5.117,5.234,5.001,1.008,0.529,0.646,0.491,0.168,0.024,2021
North Macedonia,94,5.101,5.202,5.001,1.068,0.772,0.535,0.45,0.212,0.022,2021
Ghana,95,5.088,5.219,4.958,0.68,0.595,0.287,0.517,0.268,0.058,2021
Niger,96,5.074,5.273,4.875,0.162,0.402,0.167,0.516,0.2,0.157,2021
Turkmenistan,97,5.066,5.136,4.996,1.046,1.172,0.439,0.602,0.366,0.033,2021
Gambia,98,5.051,5.225,4.877,0.367,0.511,0.21,0.384,0.465,0.123,2021
Benin,99,5.045,5.189,4.901,0.507,0.058,0.196,0.457,0.166,0.178,2021
Laos,100,5.03,5.119,4.941,0.808,0.598,0.33,0.643,0.268,0.179,2021
Bangladesh,101,5.025,5.115,4.934,0.635,0.52,0.514,0.603,0.161,0.164,2021
Guinea,102,4.984,5.16,4.808,0.42,0.399,0.206,0.384,0.25,0.111,2021
South Africa,103,4.956,5.074,4.839,0.967,0.895,0.265,0.447,0.144,0.051,2021
Turkey,104,4.948,5.038,4.857,1.26,0.809,0.59,0.236,0.097,0.104,2021
Pakistan,105,4.934,5.066,4.802,0.637,0.423,0.322,0.418,0.252,0.097,2021
Morocco,106,4.918,5.036,4.8,0.792,0.219,0.558,0.477,0.034,0.088,2021
Venezuela,107,4.892,5.017,4.767,0.852,0.897,0.574,0.284,0.078,0.072,2021
Georgia,108,4.891,4.998,4.785,1.03,0.47,0.498,0.488,0.032,0.181,2021
Algeria,109,4.887,4.991,4.783,0.946,0.765,0.552,0.119,0.144,0.12,2021
Ukraine,110,4.875,4.977,4.773,0.979,0.958,0.517,0.417,0.181,0.01,2021
Iraq,111,4.854,4.97,4.738,0.91,0.638,0.381,0.302,0.153,0.041,2021
Gabon,112,4.852,4.998,4.706,1.037,0.707,0.362,0.424,0.058,0.064,2021
Burkina Faso,113,4.834,4.993,4.675,0.364,0.472,0.179,0.381,0.182,0.122,2021
Cambodia,114,4.83,4.963,4.698,0.603,0.68,0.426,0.702,0.21,0.061,2021
Mozambique,115,4.794,4.997,4.592,0.183,0.634,0.196,0.608,0.228,0.163,2021
Nigeria,116,4.759,4.861,4.658,0.663,0.625,0.051,0.433,0.212,0.039,2021
Mali,117,4.723,4.884,4.563,0.387,0.59,0.11,0.384,0.164,0.072,2021
Iran,118,4.721,4.828,4.614,1.03,0.557,0.561,0.275,0.33,0.144,2021
Uganda,119,4.636,4.78,4.493,0.364,0.718,0.24,0.398,0.267,0.054,2021
Liberia,120,4.625,4.833,4.417,0.228,0.58,0.253,0.43,0.221,0.057,2021
Kenya,121,4.607,4.747,4.466,0.603,0.508,0.385,0.483,0.375,0.073,2021
Tunisia,122,4.596,4.709,4.484,0.919,0.515,0.59,0.334,0.057,0.044,2021
Lebanon,123,4.584,4.691,4.477,1.045,0.868,0.595,0.175,0.14,0.026,2021
Namibia,124,4.574,4.7,4.448,0.882,0.801,0.262,0.411,0.091,0.059,2021
Palestinian Territories,125,4.517,4.649,4.384,0.646,0.819,0.434,0.33,0.082,0.075,2021
Myanmar,126,4.426,4.527,4.324,0.666,0.713,0.341,0.601,0.52,0.178,2021
Jordan,127,4.395,4.516,4.273,0.89,0.685,0.583,0.455,0.079,0.15,2021
Chad,128,4.355,4.54,4.171,0.255,0.353,0.0,0.24,0.215,0.084,2021
Sri Lanka,129,4.325,4.454,4.196,0.99,0.82,0.593,0.559,0.239,0.049,2021
Swaziland,130,4.308,4.448,4.168,0.849,0.693,0.074,0.323,0.067,0.147,2021
Comoros,131,4.289,4.454,4.123,0.488,0.367,0.279,0.202,0.241,0.101,2021
Egypt,132,4.283,4.371,4.195,0.954,0.647,0.426,0.446,0.069,0.092,2021
Ethiopia,133,4.275,4.374,4.175,0.37,0.679,0.331,0.451,0.241,0.114,2021
Mauritania,134,4.227,4.365,4.09,0.666,0.749,0.273,0.218,0.119,0.133,2021
Madagascar,135,4.208,4.349,4.068,0.266,0.503,0.341,0.207,0.185,0.087,2021
Togo,136,4.107,4.258,3.956,0.254,0.239,0.203,0.289,0.209,0.107,2021
Zambia,137,4.073,4.209,3.938,0.528,0.552,0.231,0.487,0.227,0.074,2021
Sierra Leone,138,3.849,4.001,3.698,0.279,0.377,0.1,0.408,0.243,0.047,2021
India,139,3.819,3.869,3.769,0.741,0.316,0.383,0.622,0.246,0.106,2021
Burundi,140,3.775,3.985,3.565,0.0,0.062,0.155,0.298,0.172,0.212,2021
Yemen,141,3.658,3.794,3.521,0.329,0.831,0.272,0.268,0.092,0.089,2021
Tanzania,142,3.623,3.762,3.485,0.433,0.54,0.3,0.549,0.307,0.231,2021
Haiti,143,3.615,3.953,3.276,0.294,0.173,0.227,0.257,0.463,0.139,2021
Malawi,144,3.6,3.781,3.419,0.113,0.168,0.298,0.484,0.213,0.134,2021
Lesotho,145,3.512,3.748,3.276,0.451,0.731,0.007,0.405,0.103,0.015,2021
Botswana,146,3.467,3.611,3.322,1.099,0.724,0.34,0.539,0.027,0.088,2021
Rwanda,147,3.415,3.548,3.282,0.364,0.202,0.407,0.627,0.227,0.493,2021
Zimbabwe,148,3.145,3.259,3.03,0.457,0.649,0.243,0.359,0.157,0.075,2021
Afghanistan,149,2.523,2.596,2.449,0.37,0.0,0.126,0.0,0.122,0.01,2021
Finland,1,7.821,7.886,7.756,1.892,1.258,0.775,0.736,0.109,0.534,2022
Denmark,2,7.636,7.71,7.563,1.953,1.243,0.777,0.719,0.188,0.532,2022
Iceland,3,7.557,7.651,7.464,1.936,1.32,0.803,0.718,0.27,0.191,2022
Switzerland,4,7.512,7.586,7.437,2.026,1.226,0.822,0.677,0.147,0.461,2022
Netherlands,5,7.415,7.471,7.359,1.945,1.206,0.787,0.651,0.271,0.419,2022
Luxembourg*,6,7.404,7.501,7.307,2.209,1.155,0.79,0.7,0.12,0.388,2022
Sweden,7,7.384,7.454,7.315,1.92,1.204,0.803,0.724,0.218,0.512,2022
Norway,8,7.365,7.44,7.29,1.997,1.239,0.786,0.728,0.217,0.474,2022
Israel,9,7.364,7.426,7.301,1.826,1.221,0.818,0.568,0.155,0.143,2022
New Zealand,10,7.2,7.279,7.12,1.852,1.235,0.752,0.68,0.245,0.483,2022
Austria,11,7.163,7.237,7.089,1.931,1.165,0.774,0.623,0.193,0.329,2022
Australia,12,7.162,7.244,7.081,1.9,1.203,0.772,0.676,0.258,0.341,2022
Ireland,13,7.041,7.121,6.961,2.129,1.166,0.779,0.627,0.19,0.408,2022
Germany,14,7.034,7.122,6.947,1.924,1.088,0.776,0.585,0.163,0.358,2022
Canada,15,7.025,7.107,6.943,1.886,1.188,0.783,0.659,0.217,0.368,2022
United States,16,6.977,7.065,6.888,1.982,1.182,0.628,0.574,0.22,0.177,2022
United Kingdom,17,6.943,7.018,6.867,1.867,1.143,0.75,0.597,0.289,0.329,2022
Czechia,18,6.92,7.029,6.811,1.815,1.26,0.715,0.66,0.158,0.048,2022
Belgium,19,6.805,6.89,6.72,1.907,1.106,0.764,0.492,0.049,0.204,2022
France,20,6.687,6.758,6.615,1.863,1.219,0.808,0.567,0.07,0.266,2022
Bahrain,21,6.647,6.779,6.514,1.854,1.029,0.625,0.693,0.199,0.155,2022
Slovenia,22,6.63,6.718,6.542,1.81,1.249,0.769,0.685,0.118,0.115,2022
Costa Rica,23,6.582,6.683,6.481,1.584,1.054,0.744,0.661,0.089,0.102,2022
United Arab Emirates,24,6.576,6.66,6.492,1.998,0.98,0.633,0.702,0.204,0.25,2022
Saudi Arabia,25,6.523,6.637,6.409,1.87,1.092,0.577,0.651,0.078,0.18,2022
Taiwan Province of China,26,6.512,6.596,6.429,1.897,1.095,0.733,0.542,0.075,0.168,2022
Singapore,27,6.48,6.569,6.392,2.149,1.127,0.851,0.672,0.163,0.587,2022
Romania,28,6.477,6.575,6.379,1.719,1.006,0.655,0.605,0.039,0.006,2022
Spain,29,6.476,6.56,6.392,1.808,1.211,0.808,0.505,0.101,0.149,2022
Uruguay,30,6.474,6.562,6.386,1.615,1.18,0.672,0.665,0.103,0.265,2022
Italy,31,6.467,6.57,6.363,1.834,1.052,0.801,0.412,0.085,0.059,2022
Kosovo,32,6.455,6.571,6.339,1.362,0.949,0.569,0.599,0.309,0.035,2022
Malta,33,6.447,6.535,6.359,1.838,1.169,0.789,0.679,0.174,0.166,2022
Lithuania,34,6.446,6.535,6.356,1.804,1.204,0.659,0.496,0.053,0.077,2022
Slovakia,35,6.391,6.475,6.306,1.736,1.232,0.707,0.479,0.118,0.025,2022
Estonia,36,6.341,6.415,6.266,1.793,1.232,0.728,0.689,0.123,0.333,2022
Panama,37,6.309,6.464,6.154,1.715,1.107,0.709,0.592,0.049,0.051,2022
Brazil,38,6.293,6.384,6.202,1.462,1.044,0.615,0.546,0.131,0.134,2022
Guatemala*,39,6.262,6.46,6.064,1.274,0.831,0.522,0.662,0.112,0.115,2022
Kazakhstan,40,6.234,6.33,6.138,1.668,1.22,0.611,0.584,0.134,0.157,2022
Cyprus,41,6.221,6.32,6.122,1.815,0.909,0.819,0.448,0.123,0.062,2022
Latvia,42,6.18,6.255,6.106,1.732,1.221,0.637,0.502,0.075,0.09,2022
Serbia,43,6.178,6.294,6.062,1.55,1.086,0.658,0.546,0.219,0.088,2022
Chile,44,6.172,6.262,6.082,1.651,1.08,0.748,0.46,0.124,0.069,2022
Nicaragua,45,6.165,6.312,6.017,1.105,1.029,0.617,0.617,0.168,0.212,2022
Mexico,46,6.128,6.238,6.017,1.552,0.886,0.623,0.621,0.092,0.115,2022
Croatia,47,6.125,6.229,6.022,1.705,1.183,0.709,0.535,0.109,0.0,2022
Poland,48,6.123,6.205,6.04,1.758,1.174,0.712,0.523,0.124,0.14,2022
El Salvador,49,6.12,6.25,5.99,1.265,0.768,0.607,0.666,0.089,0.212,2022
Kuwait*,50,6.106,6.235,5.977,1.904,0.983,0.747,0.617,0.087,0.147,2022
Hungary,51,6.086,6.187,5.985,1.748,1.233,0.668,0.485,0.078,0.064,2022
Mauritius,52,6.071,6.184,5.958,1.591,1.116,0.568,0.589,0.131,0.107,2022
Uzbekistan,53,6.063,6.178,5.948,1.219,1.092,0.6,0.716,0.283,0.24,2022
Japan,54,6.039,6.119,5.959,1.835,1.089,0.866,0.537,0.007,0.218,2022
Honduras,55,6.022,6.189,5.855,1.111,0.885,0.555,0.582,0.202,0.076,2022
Portugal,56,6.016,6.122,5.911,1.76,1.078,0.777,0.655,0.016,0.039,2022
Argentina,57,5.967,6.09,5.844,1.592,1.102,0.662,0.555,0.081,0.085,2022
Greece,58,5.948,6.043,5.853,1.703,0.98,0.774,0.249,0.015,0.108,2022
South Korea,59,5.935,6.021,5.849,1.851,0.886,0.841,0.414,0.111,0.176,2022
Philippines,60,5.904,6.007,5.8,1.268,0.912,0.514,0.678,0.107,0.142,2022
Thailand,61,5.891,5.994,5.788,1.535,1.096,0.697,0.617,0.321,0.026,2022
Moldova,62,5.857,5.948,5.766,1.417,1.008,0.597,0.561,0.102,0.028,2022
Jamaica,63,5.85,6.023,5.676,1.296,1.045,0.646,0.567,0.08,0.053,2022
Kyrgyzstan,64,5.828,5.916,5.741,1.069,1.109,0.638,0.693,0.208,0.025,2022
Belarus*,65,5.821,5.95,5.693,1.562,1.157,0.629,0.342,0.04,0.282,2022
Colombia,66,5.781,5.903,5.659,1.452,0.929,0.72,0.545,0.087,0.077,2022
Bosnia and Herzegovina,67,5.768,5.877,5.659,1.468,1.068,0.665,0.448,0.244,0.006,2022
Mongolia,68,5.761,5.845,5.676,1.393,1.197,0.467,0.398,0.247,0.059,2022
Dominican Republic,69,5.737,5.873,5.601,1.538,1.003,0.577,0.606,0.084,0.179,2022
Malaysia,70,5.711,5.845,5.578,1.689,0.938,0.62,0.654,0.213,0.126,2022
Bolivia,71,5.6,5.709,5.491,1.256,0.88,0.555,0.627,0.112,0.064,2022
China,72,5.585,5.65,5.52,1.508,0.958,0.705,0.656,0.099,0.142,2022
Paraguay,73,5.578,5.689,5.467,1.409,1.13,0.624,0.629,0.171,0.059,2022
Peru,74,5.559,5.679,5.439,1.397,0.865,0.735,0.545,0.09,0.037,2022
Montenegro,75,5.547,5.681,5.413,1.573,1.023,0.659,0.46,0.135,0.077,2022
Ecuador,76,5.533,5.653,5.414,1.352,0.879,0.708,0.565,0.08,0.083,2022
Vietnam,77,5.485,5.57,5.4,1.252,0.932,0.611,0.707,0.143,0.105,2022
Turkmenistan*,78,5.474,5.578,5.371,1.484,1.319,0.516,0.649,0.314,0.032,2022
North Cyprus*,79,5.467,5.609,5.325,1.815,0.888,0.819,0.523,0.13,0.213,2022
Russia,80,5.459,5.525,5.392,1.685,1.095,0.586,0.401,0.117,0.08,2022
Hong Kong S.A.R. of China,81,5.425,5.501,5.348,1.957,0.954,0.942,0.4,0.147,0.383,2022
Armenia,82,5.399,5.519,5.278,1.434,0.82,0.668,0.558,0.054,0.21,2022
Tajikistan,83,5.377,5.468,5.287,0.966,1.005,0.518,0.572,0.118,0.304,2022
Nepal,84,5.377,5.502,5.251,0.984,0.784,0.499,0.519,0.237,0.13,2022
Bulgaria,85,5.371,5.485,5.257,1.625,1.163,0.64,0.563,0.123,0.021,2022
Libya*,86,5.33,5.543,5.118,1.476,0.943,0.606,0.477,0.106,0.179,2022
Indonesia,87,5.24,5.341,5.139,1.382,0.883,0.539,0.62,0.468,0.047,2022
Ivory Coast,88,5.235,5.384,5.085,1.094,0.442,0.322,0.451,0.149,0.124,2022
North Macedonia,89,5.199,5.303,5.095,1.505,0.863,0.637,0.488,0.215,0.031,2022
Albania,90,5.199,5.321,5.076,1.439,0.646,0.719,0.511,0.138,0.028,2022
South Africa,91,5.194,5.315,5.073,1.425,1.088,0.361,0.442,0.089,0.046,2022
Azerbaijan*,92,5.173,5.265,5.082,1.458,1.093,0.56,0.601,0.023,0.341,2022
Gambia*,93,5.164,5.409,4.918,0.785,0.621,0.369,0.367,0.388,0.103,2022
Bangladesh,94,5.155,5.262,5.049,1.06,0.614,0.581,0.622,0.125,0.187,2022
Laos,95,5.14,5.263,5.018,1.239,0.654,0.479,0.679,0.197,0.184,2022
Algeria,96,5.122,5.215,5.03,1.363,0.97,0.643,0.146,0.106,0.15,2022
Liberia*,97,5.122,5.428,4.815,0.636,0.67,0.309,0.405,0.178,0.08,2022
Ukraine,98,5.084,5.19,4.978,1.411,1.081,0.583,0.473,0.188,0.017,2022
Congo,99,5.075,5.235,4.915,0.95,0.405,0.355,0.431,0.13,0.146,2022
Morocco,100,5.06,5.181,4.938,1.208,0.268,0.565,0.492,0.02,0.102,2022
Mozambique,101,5.048,5.273,4.823,0.578,0.66,0.191,0.593,0.185,0.2,2022
Cameroon,102,5.048,5.188,4.907,0.968,0.672,0.317,0.397,0.152,0.074,2022
Senegal,103,5.046,5.171,4.921,0.933,0.53,0.447,0.494,0.143,0.081,2022
Niger*,104,5.003,5.247,4.76,0.57,0.56,0.326,0.571,0.165,0.145,2022
Georgia,105,4.973,5.079,4.867,1.467,0.612,0.595,0.508,0.0,0.208,2022
Gabon,106,4.958,5.091,4.826,1.459,0.738,0.396,0.343,0.032,0.099,2022
Iraq,107,4.941,5.099,4.783,1.289,0.682,0.554,0.328,0.147,0.046,2022
Venezuela,108,4.925,5.051,4.8,0.0,0.968,0.578,0.283,0.225,0.082,2022
Guinea,109,4.891,5.028,4.753,0.848,0.566,0.275,0.334,0.214,0.116,2022
Iran,110,4.888,4.995,4.78,1.41,0.741,0.642,0.281,0.241,0.146,2022
Ghana,111,4.872,4.999,4.745,1.112,0.595,0.409,0.5,0.23,0.056,2022
Turkey,112,4.744,4.845,4.644,1.707,0.865,0.702,0.209,0.087,0.115,2022
Burkina Faso,113,4.67,4.814,4.527,0.779,0.565,0.32,0.382,0.186,0.126,2022
Cambodia,114,4.64,4.765,4.516,1.019,0.732,0.505,0.74,0.166,0.068,2022
Benin,115,4.623,4.754,4.492,0.932,0.064,0.335,0.479,0.127,0.23,2022
Comoros*,116,4.609,4.849,4.368,0.899,0.476,0.424,0.185,0.195,0.125,2022
Uganda,117,4.603,4.747,4.459,0.777,0.875,0.418,0.402,0.222,0.066,2022
Nigeria,118,4.552,4.651,4.453,1.079,0.732,0.3,0.444,0.175,0.038,2022
Kenya,119,4.543,4.683,4.403,1.032,0.605,0.401,0.44,0.322,0.082,2022
Tunisia,120,4.516,4.629,4.403,1.35,0.596,0.656,0.316,0.029,0.029,2022
Pakistan,121,4.516,4.634,4.397,1.049,0.413,0.374,0.448,0.181,0.112,2022
Palestinian Territories*,122,4.483,4.665,4.3,1.148,0.957,0.521,0.336,0.073,0.079,2022
Mali,123,4.479,4.611,4.347,0.792,0.483,0.311,0.35,0.128,0.042,2022
Namibia,124,4.459,4.593,4.326,1.292,0.877,0.354,0.384,0.067,0.071,2022
"Eswatini, Kingdom of*",125,4.396,4.607,4.185,1.274,0.786,0.197,0.259,0.038,0.154,2022
Myanmar,126,4.394,4.511,4.277,1.038,0.829,0.491,0.513,0.452,0.194,2022
Sri Lanka,127,4.362,4.487,4.237,1.415,0.934,0.66,0.529,0.15,0.079,2022
Madagascar*,128,4.339,4.53,4.148,0.67,0.645,0.378,0.202,0.143,0.154,2022
Egypt,129,4.288,4.377,4.198,1.388,0.732,0.548,0.469,0.041,0.254,2022
Chad*,130,4.251,4.503,3.999,0.662,0.506,0.225,0.18,0.182,0.077,2022
Ethiopia,131,4.241,4.365,4.118,0.788,0.809,0.457,0.472,0.205,0.136,2022
Yemen*,132,4.197,4.384,4.01,0.691,1.043,0.384,0.33,0.09,0.098,2022
Mauritania*,133,4.153,4.356,3.95,1.1,0.865,0.45,0.304,0.088,0.138,2022
Jordan,134,4.152,4.276,4.029,1.324,0.724,0.675,0.476,0.058,0.2,2022
Togo,135,4.112,4.272,3.953,0.771,0.322,0.36,0.292,0.174,0.132,2022
India,136,3.777,3.828,3.726,1.167,0.376,0.471,0.647,0.198,0.123,2022
Zambia,137,3.76,3.902,3.618,0.93,0.577,0.306,0.525,0.203,0.083,2022
Malawi,138,3.75,3.941,3.56,0.648,0.279,0.388,0.477,0.14,0.157,2022
Tanzania,139,3.702,3.847,3.558,0.848,0.597,0.425,0.578,0.248,0.27,2022
Sierra Leone,140,3.574,3.732,3.416,0.686,0.416,0.273,0.387,0.202,0.055,2022
Lesotho*,141,3.512,3.748,3.276,0.839,0.848,0.0,0.419,0.076,0.018,2022
Botswana*,142,3.471,3.667,3.275,1.503,0.815,0.28,0.571,0.012,0.102,2022
Rwanda*,143,3.268,3.462,3.074,0.785,0.133,0.462,0.621,0.187,0.544,2022
Zimbabwe,144,2.995,3.11,2.88,0.947,0.69,0.27,0.329,0.106,0.105,2022
Lebanon,145,2.955,3.049,2.862,1.392,0.498,0.631,0.103,0.082,0.034,2022
Afghanistan,146,2.404,2.469,2.339,0.758,0.0,0.289,0.0,0.089,0.005,2022
Finland,1,7.804,7.875,7.733,1.888,1.585,0.535,0.772,0.126,0.535,2023
Denmark,2,7.586,7.667,7.506,1.949,1.548,0.537,0.734,0.208,0.525,2023
Iceland,3,7.53,7.625,7.434,1.926,1.62,0.559,0.738,0.25,0.187,2023
Israel,4,7.473,7.535,7.411,1.833,1.521,0.577,0.569,0.124,0.158,2023
Netherlands,5,7.403,7.46,7.346,1.942,1.488,0.545,0.672,0.251,0.394,2023
Sweden,6,7.395,7.468,7.322,1.921,1.51,0.562,0.754,0.225,0.52,2023
Norway,7,7.315,7.402,7.229,1.994,1.521,0.544,0.752,0.212,0.463,2023
Switzerland,8,7.24,7.324,7.156,2.022,1.463,0.582,0.678,0.151,0.475,2023
Luxembourg,9,7.228,7.363,7.093,2.2,1.357,0.549,0.71,0.149,0.418,2023
New Zealand,10,7.123,7.198,7.048,1.842,1.544,0.513,0.672,0.23,0.471,2023
Austria,11,7.097,7.176,7.018,1.927,1.382,0.535,0.63,0.191,0.31,2023
Australia,12,7.095,7.18,7.009,1.899,1.497,0.532,0.677,0.242,0.31,2023
Canada,13,6.961,7.042,6.879,1.881,1.484,0.541,0.656,0.218,0.364,2023
Ireland,14,6.911,6.996,6.825,2.152,1.425,0.539,0.656,0.186,0.409,2023
United States,15,6.894,6.986,6.802,1.98,1.46,0.39,0.557,0.21,0.172,2023
Germany,16,6.892,6.989,6.795,1.919,1.401,0.539,0.618,0.153,0.365,2023
Belgium,17,6.859,6.926,6.793,1.907,1.449,0.528,0.59,0.137,0.273,2023
Czechia,18,6.845,6.931,6.759,1.823,1.544,0.477,0.693,0.158,0.05,2023
United Kingdom,19,6.796,6.877,6.714,1.857,1.366,0.511,0.626,0.272,0.34,2023
Lithuania,20,6.763,6.849,6.677,1.808,1.511,0.432,0.487,0.059,0.089,2023
France,21,6.661,6.735,6.588,1.856,1.433,0.566,0.582,0.083,0.27,2023
Slovenia,22,6.65,6.75,6.55,1.815,1.539,0.532,0.707,0.144,0.113,2023
Costa Rica,23,6.609,6.71,6.507,1.587,1.34,0.503,0.683,0.099,0.116,2023
Romania,24,6.589,6.69,6.488,1.726,1.28,0.423,0.631,0.044,0.0,2023
Singapore,25,6.587,6.72,6.454,2.168,1.354,0.607,0.66,0.17,0.561,2023
United Arab Emirates,26,6.571,6.656,6.486,2.015,1.223,0.401,0.745,0.188,0.247,2023
Taiwan Province of China,27,6.535,6.627,6.444,1.89,1.372,0.492,0.562,0.067,0.178,2023
Uruguay,28,6.494,6.583,6.404,1.617,1.445,0.435,0.683,0.102,0.254,2023
Slovakia,29,6.469,6.578,6.36,1.731,1.544,0.472,0.494,0.128,0.022,2023
Saudi Arabia,30,6.463,6.581,6.344,1.861,1.37,0.351,0.682,0.093,0.17,2023
Estonia,31,6.455,6.534,6.377,1.798,1.526,0.494,0.728,0.153,0.372,2023
Spain,32,6.436,6.519,6.354,1.798,1.491,0.567,0.533,0.101,0.157,2023
Italy,33,6.405,6.511,6.298,1.832,1.365,0.559,0.438,0.097,0.063,2023
Kosovo,34,6.368,6.485,6.25,1.374,1.269,0.372,0.639,0.275,0.045,2023
Chile,35,6.334,6.424,6.243,1.645,1.384,0.511,0.546,0.131,0.076,2023
Mexico,36,6.33,6.441,6.218,1.55,1.169,0.389,0.632,0.086,0.115,2023
Malta,37,6.3,6.388,6.212,1.841,1.468,0.547,0.671,0.2,0.143,2023
Panama,38,6.265,6.424,6.105,1.714,1.402,0.475,0.63,0.065,0.036,2023
Poland,39,6.26,6.343,6.177,1.767,1.474,0.477,0.511,0.12,0.139,2023
Nicaragua,40,6.259,6.408,6.109,1.109,1.292,0.385,0.66,0.148,0.218,2023
Latvia,41,6.213,6.295,6.131,1.737,1.505,0.405,0.58,0.107,0.071,2023
Bahrain,42,6.173,6.369,5.977,1.883,1.269,0.389,0.748,0.199,0.138,2023
Guatemala,43,6.15,6.362,5.939,1.287,1.188,0.31,0.631,0.106,0.066,2023
Kazakhstan,44,6.144,6.239,6.049,1.664,1.491,0.389,0.628,0.136,0.149,2023
Serbia,45,6.144,6.299,5.988,1.552,1.343,0.424,0.617,0.246,0.081,2023
Cyprus,46,6.13,6.236,6.024,1.824,1.224,0.58,0.455,0.104,0.05,2023
Japan,47,6.129,6.211,6.047,1.825,1.396,0.622,0.556,0.009,0.207,2023
Croatia,48,6.125,6.237,6.013,1.727,1.455,0.475,0.5,0.087,0.003,2023
Brazil,49,6.125,6.252,5.997,1.454,1.25,0.387,0.558,0.131,0.137,2023
El Salvador,50,6.122,6.257,5.986,1.278,1.044,0.383,0.713,0.079,0.222,2023
Hungary,51,6.041,6.149,5.933,1.754,1.519,0.435,0.501,0.105,0.065,2023
Argentina,52,6.024,6.147,5.9,1.59,1.388,0.427,0.587,0.088,0.082,2023
Honduras,53,6.023,6.196,5.849,1.115,1.072,0.341,0.613,0.189,0.062,2023
Uzbekistan,54,6.014,6.13,5.899,1.227,1.347,0.375,0.74,0.26,0.208,2023
Malaysia,55,6.012,6.167,5.858,1.665,1.155,0.385,0.659,0.222,0.122,2023
Portugal,56,5.968,6.076,5.86,1.758,1.356,0.537,0.693,0.031,0.037,2023
South Korea,57,5.951,6.04,5.862,1.853,1.188,0.603,0.446,0.112,0.163,2023
Greece,58,5.931,6.024,5.838,1.708,1.247,0.535,0.248,0.008,0.097,2023
Mauritius,59,5.902,6.013,5.791,1.589,1.382,0.336,0.574,0.121,0.11,2023
Thailand,60,5.843,5.969,5.717,1.515,1.344,0.461,0.624,0.291,0.013,2023
Mongolia,61,5.84,5.93,5.75,1.379,1.494,0.244,0.425,0.239,0.058,2023
Kyrgyzstan,62,5.825,5.913,5.737,1.061,1.439,0.417,0.735,0.234,0.018,2023
Moldova,63,5.819,5.922,5.717,1.425,1.302,0.375,0.61,0.093,0.02,2023
China,64,5.818,5.905,5.731,1.51,1.249,0.468,0.666,0.115,0.145,2023
Vietnam,65,5.763,5.865,5.662,1.349,1.212,0.381,0.741,0.134,0.122,2023
Paraguay,66,5.738,5.851,5.625,1.428,1.427,0.392,0.678,0.148,0.062,2023
Montenegro,67,5.722,5.941,5.503,1.537,1.385,0.424,0.563,0.17,0.061,2023
Jamaica,68,5.703,5.876,5.529,1.305,1.329,0.411,0.587,0.079,0.039,2023
Bolivia,69,5.684,5.797,5.572,1.24,1.187,0.329,0.648,0.103,0.06,2023
Russia,70,5.661,5.734,5.588,1.68,1.383,0.366,0.449,0.12,0.091,2023
Bosnia and Herzegovina,71,5.633,5.775,5.49,1.467,1.361,0.429,0.485,0.247,0.008,2023
Colombia,72,5.63,5.747,5.514,1.455,1.213,0.486,0.562,0.08,0.068,2023
Dominican Republic,73,5.569,5.712,5.426,1.536,1.227,0.351,0.623,0.083,0.195,2023
Ecuador,74,5.559,5.682,5.436,1.343,1.173,0.476,0.56,0.079,0.069,2023
Peru,75,5.526,5.64,5.412,1.39,1.153,0.499,0.549,0.073,0.027,2023
Philippines,76,5.523,5.675,5.371,1.238,1.108,0.286,0.714,0.104,0.141,2023
Bulgaria,77,5.466,5.582,5.35,1.635,1.457,0.408,0.557,0.106,0.013,2023
Nepal,78,5.36,5.507,5.214,0.979,1.027,0.281,0.567,0.215,0.104,2023
Armenia,79,5.342,5.47,5.213,1.466,1.134,0.443,0.551,0.053,0.16,2023
Tajikistan,80,5.33,5.452,5.207,0.972,1.248,0.291,0.599,0.104,0.292,2023
Algeria,81,5.329,5.451,5.207,1.353,1.298,0.409,0.252,0.073,0.152,2023
Hong Kong S.A.R. of China,82,5.308,5.403,5.214,1.951,1.201,0.702,0.407,0.123,0.39,2023
Albania,83,5.277,5.406,5.148,1.449,0.951,0.48,0.549,0.133,0.037,2023
Indonesia,84,5.277,5.392,5.161,1.384,1.169,0.314,0.663,0.422,0.038,2023
South Africa,85,5.275,5.417,5.132,1.417,1.428,0.149,0.464,0.09,0.019,2023
Congo (Brazzaville),86,5.267,5.44,5.094,0.921,0.665,0.145,0.464,0.134,0.136,2023
North Macedonia,87,5.254,5.361,5.146,1.498,1.171,0.408,0.515,0.207,0.02,2023
Venezuela,88,5.211,5.336,5.085,0.0,1.257,0.341,0.369,0.205,0.084,2023
Laos,89,5.111,5.269,4.952,1.232,0.853,0.257,0.715,0.185,0.162,2023
Georgia,90,5.109,5.219,5.0,1.477,0.947,0.366,0.539,0.0,0.201,2023
Guinea,91,5.072,5.213,4.931,0.844,0.776,0.072,0.369,0.204,0.102,2023
Ukraine,92,5.071,5.187,4.956,1.358,1.354,0.355,0.551,0.265,0.016,2023
Ivory Coast,93,5.053,5.198,4.907,1.094,0.584,0.12,0.467,0.138,0.131,2023
Gabon,94,5.035,5.175,4.894,1.438,1.021,0.183,0.346,0.036,0.102,2023
Nigeria,95,4.981,5.136,4.825,1.065,1.007,0.092,0.448,0.176,0.013,2023
Cameroon,96,4.973,5.112,4.834,0.965,0.871,0.118,0.405,0.144,0.059,2023
Mozambique,97,4.954,5.181,4.727,0.57,0.885,0.0,0.625,0.161,0.192,2023
Iraq,98,4.941,5.099,4.783,1.281,0.953,0.324,0.351,0.134,0.038,2023
State of Palestine,99,4.908,5.089,4.727,1.144,1.309,0.5412279005524862,0.416,0.065,0.067,2023
Morocco,100,4.903,5.023,4.783,1.236,0.535,0.337,0.54,0.013,0.085,2023
Iran,101,4.876,4.98,4.772,1.465,1.102,0.411,0.281,0.229,0.13,2023
Senegal,102,4.855,4.983,4.727,0.943,0.727,0.231,0.519,0.142,0.06,2023
Mauritania,103,4.724,5.011,4.437,1.099,0.764,0.244,0.32,0.13,0.195,2023
Burkina Faso,104,4.638,4.819,4.456,0.768,0.814,0.107,0.419,0.188,0.113,2023
Namibia,105,4.631,4.766,4.496,1.289,1.126,0.145,0.383,0.069,0.071,2023
Turkiye,106,4.614,4.777,4.45,1.714,1.148,0.467,0.125,0.095,0.096,2023
Ghana,107,4.605,4.729,4.481,1.101,0.756,0.197,0.526,0.211,0.035,2023
Pakistan,108,4.555,4.707,4.404,1.081,0.657,0.158,0.511,0.141,0.102,2023
Niger,109,4.501,4.712,4.291,0.561,0.628,0.137,0.54,0.154,0.14,2023
Tunisia,110,4.497,4.601,4.393,1.333,0.981,0.422,0.259,0.022,0.016,2023
Kenya,111,4.487,4.616,4.357,1.051,0.881,0.19,0.418,0.291,0.055,2023
Sri Lanka,112,4.442,4.603,4.28,1.422,1.224,0.426,0.539,0.12,0.086,2023
Uganda,113,4.432,4.607,4.258,0.785,1.144,0.201,0.425,0.197,0.051,2023
Chad,114,4.397,4.633,4.16,0.622,0.962,0.043,0.393,0.255,0.088,2023
Cambodia,115,4.393,4.508,4.279,1.025,1.024,0.283,0.768,0.176,0.051,2023
Benin,116,4.374,4.504,4.244,0.924,0.242,0.124,0.481,0.114,0.253,2023
Myanmar,117,4.372,4.533,4.212,1.032,1.125,0.269,0.46,0.4,0.194,2023
Bangladesh,118,4.282,4.416,4.148,1.133,0.513,0.355,0.617,0.139,0.165,2023
Gambia,119,4.279,4.484,4.075,0.761,0.614,0.174,0.286,0.332,0.033,2023
Mali,120,4.198,4.319,4.076,0.763,0.637,0.106,0.441,0.121,0.059,2023
Egypt,121,4.17,4.287,4.054,1.377,0.972,0.326,0.467,0.038,0.25,2023
Togo,122,4.137,4.289,3.986,0.77,0.642,0.161,0.367,0.149,0.136,2023
Jordan,123,4.12,4.242,3.997,1.292,0.98,0.438,0.517,0.056,0.173,2023
Ethiopia,124,4.091,4.273,3.908,0.793,1.114,0.25,0.451,0.283,0.101,2023
Liberia,125,4.042,4.325,3.76,0.628,0.644,0.141,0.471,0.219,0.071,2023
India,126,4.036,4.092,3.98,1.159,0.674,0.252,0.685,0.175,0.111,2023
Madagascar,127,4.019,4.199,3.839,0.632,0.779,0.178,0.187,0.177,0.134,2023
Zambia,128,3.982,4.167,3.797,0.914,0.89,0.095,0.545,0.189,0.08,2023
Tanzania,129,3.694,3.84,3.547,0.836,0.787,0.214,0.607,0.234,0.269,2023
Comoros,130,3.545,3.774,3.317,0.914,0.327,0.215,0.117,0.129,0.145,2023
Malawi,131,3.495,3.671,3.32,0.637,0.479,0.189,0.49,0.139,0.129,2023
Botswana,132,3.435,3.702,3.168,1.471,1.041,0.087,0.48,0.021,0.071,2023
Congo (Kinshasa),133,3.207,3.394,3.02,0.531,0.784,0.105,0.375,0.183,0.068,2023
Zimbabwe,134,3.204,3.323,3.084,0.758,0.881,0.069,0.363,0.112,0.117,2023
Sierra Leone,135,3.138,3.299,2.976,0.67,0.54,0.092,0.371,0.193,0.051,2023
Lebanon,136,2.392,2.479,2.305,1.417,0.476,0.398,0.123,0.061,0.027,2023
Afghanistan,137,1.859,1.923,1.795,0.645,0.0,0.087,0.0,0.093,0.059,2023
Finland,1,7.741,7.815,7.667,1.844,1.572,0.695,0.859,0.142,0.546,2024
Denmark,2,7.583,7.665,7.5,1.908,1.52,0.699,0.823,0.204,0.548,2024
Iceland,3,7.525,7.618,7.433,1.881,1.617,0.718,0.819,0.258,0.182,2024
Sweden,4,7.344,7.422,7.267,1.878,1.501,0.724,0.838,0.221,0.524,2024
Israel,5,7.341,7.405,7.277,1.803,1.513,0.74,0.641,0.153,0.193,2024
Netherlands,6,7.319,7.383,7.256,1.901,1.462,0.706,0.725,0.247,0.372,2024
Norway,7,7.302,7.389,7.215,1.952,1.517,0.704,0.835,0.224,0.484,2024
Luxembourg,8,7.122,7.213,7.031,2.141,1.355,0.708,0.801,0.146,0.432,2024
Switzerland,9,7.06,7.147,6.973,1.97,1.425,0.747,0.759,0.173,0.498,2024
Australia,10,7.057,7.141,6.973,1.854,1.461,0.692,0.756,0.225,0.323,2024
New Zealand,11,7.029,7.105,6.954,1.81,1.527,0.673,0.746,0.226,0.48,2024
Costa Rica,12,6.955,7.051,6.86,1.561,1.373,0.661,0.797,0.109,0.123,2024
Kuwait,13,6.951,7.06,6.843,1.845,1.364,0.661,0.827,0.2,0.172,2024
Austria,14,6.905,6.986,6.824,1.885,1.336,0.696,0.703,0.214,0.305,2024
Canada,15,6.9,6.984,6.815,1.84,1.459,0.701,0.73,0.23,0.368,2024
Belgium,16,6.894,6.961,6.827,1.868,1.44,0.69,0.729,0.17,0.311,2024
Ireland,17,6.838,6.927,6.749,2.129,1.39,0.7,0.758,0.205,0.418,2024
Czechia,18,6.822,6.903,6.741,1.783,1.511,0.638,0.787,0.177,0.068,2024
Lithuania,19,6.818,6.896,6.739,1.766,1.454,0.598,0.533,0.044,0.116,2024
United Kingdom,20,6.749,6.833,6.665,1.822,1.326,0.672,0.713,0.267,0.351,2024
Slovenia,21,6.743,6.843,6.643,1.786,1.502,0.695,0.789,0.157,0.131,2024
United Arab Emirates,22,6.733,6.823,6.643,1.983,1.164,0.563,0.815,0.209,0.258,2024
United States,23,6.725,6.818,6.631,1.939,1.392,0.542,0.586,0.223,0.169,2024
Germany,24,6.719,6.815,6.622,1.871,1.39,0.702,0.7,0.174,0.368,2024
Mexico,25,6.678,6.781,6.575,1.521,1.241,0.544,0.722,0.086,0.127,2024
Uruguay,26,6.611,6.696,6.527,1.596,1.431,0.592,0.775,0.106,0.22,2024
France,27,6.609,6.685,6.533,1.818,1.348,0.727,0.65,0.112,0.281,2024
Saudi Arabia,28,6.594,6.707,6.48,1.842,1.361,0.511,0.787,0.114,0.188,2024
Kosovo,29,6.561,6.667,6.455,1.364,1.277,0.599,0.739,0.254,0.073,2024
Singapore,30,6.523,6.605,6.44,2.118,1.361,0.769,0.743,0.168,0.575,2024
Taiwan Province of China,31,6.503,6.597,6.41,1.842,1.346,0.65,0.649,0.068,0.202,2024
Romania,32,6.491,6.592,6.39,1.699,1.236,0.583,0.717,0.041,0.006,2024
El Salvador,33,6.469,6.599,6.338,1.265,1.08,0.549,0.816,0.083,0.253,2024
Estonia,34,6.448,6.524,6.371,1.752,1.527,0.657,0.805,0.166,0.401,2024
Poland,35,6.442,6.513,6.37,1.738,1.417,0.639,0.6,0.081,0.175,2024
Spain,36,6.421,6.502,6.339,1.766,1.471,0.729,0.619,0.119,0.177,2024
Serbia,37,6.411,6.522,6.3,1.538,1.391,0.585,0.663,0.2,0.101,2024
Chile,38,6.36,6.448,6.273,1.616,1.369,0.673,0.651,0.117,0.075,2024
Panama,39,6.358,6.489,6.227,1.702,1.392,0.633,0.72,0.063,0.043,2024
Malta,40,6.346,6.43,6.261,1.827,1.444,0.707,0.727,0.25,0.125,2024
Italy,41,6.324,6.436,6.211,1.8,1.328,0.72,0.513,0.112,0.074,2024
Guatemala,42,6.287,6.457,6.117,1.26,1.169,0.467,0.735,0.105,0.078,2024
Nicaragua,43,6.284,6.433,6.135,1.097,1.263,0.542,0.793,0.133,0.251,2024
Brazil,44,6.272,6.39,6.154,1.43,1.269,0.548,0.685,0.13,0.142,2024
Slovakia,45,6.257,6.332,6.182,1.706,1.54,0.638,0.566,0.096,0.058,2024
Latvia,46,6.234,6.314,6.155,1.7,1.508,0.564,0.666,0.127,0.078,2024
Uzbekistan,47,6.195,6.303,6.087,1.212,1.394,0.539,0.835,0.251,0.215,2024
Argentina,48,6.188,6.306,6.07,1.562,1.381,0.585,0.681,0.087,0.08,2024
Kazakhstan,49,6.188,6.278,6.097,1.622,1.457,0.556,0.733,0.149,0.12,2024
Cyprus,50,6.068,6.182,5.954,1.794,1.217,0.744,0.529,0.124,0.049,2024
Japan,51,6.06,6.144,5.976,1.786,1.354,0.785,0.632,0.023,0.219,2024
South Korea,52,6.058,6.148,5.968,1.815,1.178,0.77,0.555,0.126,0.158,2024
Philippines,53,6.048,6.166,5.929,1.232,1.146,0.441,0.826,0.099,0.136,2024
Vietnam,54,6.043,6.138,5.948,1.331,1.267,0.539,0.843,0.094,0.16,2024
Portugal,55,6.03,6.134,5.925,1.728,1.368,0.699,0.757,0.047,0.035,2024
Hungary,56,6.017,6.124,5.91,1.722,1.528,0.596,0.581,0.123,0.067,2024
Paraguay,57,5.977,6.085,5.868,1.398,1.408,0.549,0.788,0.131,0.065,2024
Thailand,58,5.976,6.094,5.858,1.484,1.347,0.62,0.756,0.283,0.024,2024
Malaysia,59,5.975,6.078,5.872,1.646,1.143,0.54,0.829,0.226,0.119,2024
China,60,5.973,6.061,5.885,1.497,1.239,0.629,0.704,0.132,0.164,2024
Honduras,61,5.968,6.114,5.822,1.091,1.035,0.502,0.72,0.175,0.081,2024
Bahrain,62,5.959,6.153,5.766,1.2003475862068964,1.0267958620689654,0.5412279005524862,0.5263586206896552,0.1625724137931034,0.1438331034482758,2024
Croatia,63,5.942,6.047,5.837,1.71,1.445,0.637,0.469,0.064,0.043,2024
Greece,64,5.934,6.027,5.84,1.684,1.276,0.696,0.337,0.018,0.093,2024
Bosnia and Herzegovina,65,5.877,5.979,5.775,1.465,1.318,0.587,0.621,0.246,0.0,2024
Libya,66,5.866,5.987,5.746,1.526,1.1,0.55,0.592,0.111,0.204,2024
Jamaica,67,5.842,6.059,5.624,1.28,1.324,0.567,0.647,0.089,0.028,2024
Peru,68,5.841,5.946,5.736,1.371,1.18,0.662,0.615,0.078,0.029,2024
Dominican Republic,69,5.823,5.967,5.679,1.517,1.272,0.511,0.73,0.086,0.196,2024
Mauritius,70,5.816,5.927,5.706,1.57,1.358,0.49,0.641,0.123,0.118,2024
Moldova,71,5.816,5.93,5.702,1.385,1.277,0.542,0.695,0.077,0.044,2024
Russia,72,5.785,5.859,5.712,1.642,1.351,0.531,0.551,0.138,0.121,2024
Bolivia,73,5.784,5.895,5.674,1.217,1.179,0.488,0.719,0.1,0.061,2024
Ecuador,74,5.725,5.85,5.599,1.315,1.151,0.64,0.606,0.087,0.078,2024
Kyrgyzstan,75,5.714,5.795,5.632,1.054,1.477,0.588,0.834,0.225,0.03,2024
Montenegro,76,5.707,5.815,5.599,1.571,1.318,0.587,0.632,0.11,0.132,2024
Mongolia,77,5.696,5.783,5.61,1.353,1.511,0.4,0.501,0.237,0.055,2024
Colombia,78,5.695,5.806,5.584,1.437,1.241,0.648,0.644,0.072,0.059,2024
Venezuela,79,5.607,5.725,5.489,0.0,1.321,0.491,0.518,0.192,0.086,2024
Indonesia,80,5.568,5.67,5.466,1.361,1.184,0.472,0.779,0.399,0.055,2024
Bulgaria,81,5.463,5.569,5.357,1.629,1.469,0.567,0.62,0.083,0.006,2024
Armenia,82,5.455,5.56,5.35,1.444,1.154,0.603,0.65,0.051,0.173,2024
South Africa,83,5.422,5.549,5.295,1.389,1.369,0.322,0.537,0.078,0.034,2024
North Macedonia,84,5.369,5.468,5.27,1.475,1.277,0.569,0.58,0.194,0.015,2024
Algeria,85,5.364,5.476,5.251,1.324,1.191,0.568,0.247,0.091,0.2,2024
Hong Kong S.A.R. of China,86,5.316,5.403,5.229,1.909,1.184,0.857,0.485,0.147,0.402,2024
Albania,87,5.304,5.44,5.168,1.438,0.924,0.638,0.69,0.138,0.049,2024
Tajikistan,88,5.281,5.361,5.201,1.2003475862068964,1.0267958620689654,0.5412279005524862,0.5263586206896552,0.1625724137931034,0.1438331034482758,2024
Congo (Brazzaville),89,5.221,5.396,5.047,0.892,0.622,0.306,0.523,0.124,0.138,2024
Mozambique,90,5.216,5.406,5.027,0.56,0.883,0.156,0.728,0.158,0.196,2024
Georgia,91,5.185,5.283,5.087,1.467,0.99,0.524,0.68,0.0,0.174,2024
Iraq,92,5.166,5.283,5.049,1.249,0.996,0.498,0.425,0.141,0.048,2024
Nepal,93,5.158,5.29,5.027,0.965,0.99,0.443,0.653,0.209,0.115,2024
Laos,94,5.139,5.261,5.017,1.208,0.846,0.423,0.796,0.17,0.167,2024
Gabon,95,5.106,5.243,4.969,1.403,1.038,0.344,0.516,0.045,0.1,2024
Ivory Coast,96,5.08,5.224,4.936,1.08,0.578,0.288,0.547,0.12,0.164,2024
Guinea,97,5.023,5.166,4.881,0.831,0.622,0.236,0.521,0.21,0.107,2024
Turkiye,98,4.975,5.085,4.866,1.702,1.175,0.631,0.202,0.068,0.115,2024
Senegal,99,4.969,5.096,4.841,0.927,0.751,0.392,0.607,0.152,0.069,2024
Iran,100,4.923,5.024,4.822,1.435,1.136,0.571,0.366,0.235,0.123,2024
Azerbaijan,101,4.893,5.018,4.768,1.433,0.876,0.496,0.668,0.112,0.199,2024
Nigeria,102,4.881,5.018,4.744,1.042,1.075,0.256,0.566,0.201,0.019,2024
State of Palestine,103,4.879,5.006,4.753,1.2003475862068964,1.0267958620689654,0.5412279005524862,0.5263586206896552,0.1625724137931034,0.1438331034482758,2024
Cameroon,104,4.874,4.996,4.753,0.943,0.856,0.288,0.521,0.126,0.06,2024
Ukraine,105,4.873,4.988,4.758,1.35,1.315,0.513,0.631,0.285,0.025,2024
Namibia,106,4.832,4.958,4.705,1.266,1.212,0.307,0.47,0.069,0.061,2024
Morocco,107,4.795,4.912,4.677,1.213,0.471,0.495,0.631,0.042,0.082,2024
Pakistan,108,4.657,4.779,4.535,1.069,0.6,0.321,0.542,0.144,0.074,2024
Niger,109,4.556,4.712,4.401,0.573,0.677,0.293,0.615,0.145,0.147,2024
Burkina Faso,110,4.548,4.686,4.41,0.756,0.685,0.274,0.483,0.173,0.179,2024
Mauritania,111,4.505,4.673,4.337,1.078,0.705,0.4,0.343,0.133,0.198,2024
Gambia,112,4.485,4.625,4.344,0.75,0.684,0.33,0.459,0.324,0.048,2024
Chad,113,4.471,4.63,4.313,0.603,0.805,0.199,0.411,0.218,0.113,2024
Kenya,114,4.47,4.595,4.344,1.037,0.895,0.353,0.519,0.282,0.069,2024
Tunisia,115,4.422,4.505,4.338,1.306,0.955,0.579,0.254,0.024,0.018,2024
Benin,116,4.377,4.51,4.245,0.914,0.128,0.284,0.567,0.112,0.252,2024
Uganda,117,4.372,4.501,4.243,0.772,1.151,0.373,0.587,0.178,0.054,2024
Myanmar,118,4.354,4.501,4.208,0.978,0.988,0.436,0.45,0.401,0.174,2024
Cambodia,119,4.341,4.446,4.236,1.011,1.019,0.442,0.863,0.17,0.071,2024
Ghana,120,4.289,4.396,4.182,1.077,0.747,0.36,0.623,0.183,0.028,2024
Liberia,121,4.269,4.474,4.063,0.619,0.673,0.301,0.546,0.178,0.075,2024
Mali,122,4.232,4.347,4.117,0.747,0.688,0.267,0.586,0.12,0.09,2024
Madagascar,123,4.228,4.359,4.097,0.628,0.823,0.333,0.25,0.172,0.123,2024
Togo,124,4.214,4.33,4.098,0.758,0.586,0.32,0.453,0.127,0.156,2024
Jordan,125,4.186,4.306,4.066,1.262,0.983,0.594,0.593,0.059,0.189,2024
India,126,4.054,4.123,3.985,1.166,0.653,0.417,0.767,0.174,0.122,2024
Egypt,127,3.977,4.066,3.887,1.37,0.996,0.488,0.49,0.025,0.259,2024
Sri Lanka,128,3.898,4.018,3.778,1.361,1.179,0.586,0.583,0.144,0.031,2024
Bangladesh,129,3.886,3.994,3.778,1.122,0.249,0.513,0.775,0.14,0.167,2024
Ethiopia,130,3.861,3.997,3.725,0.792,0.915,0.42,0.441,0.27,0.101,2024
Tanzania,131,3.781,3.917,3.644,0.82,0.706,0.38,0.709,0.191,0.257,2024
Comoros,132,3.566,3.754,3.378,0.896,0.328,0.37,0.172,0.128,0.16,2024
Yemen,133,3.561,3.714,3.408,0.671,1.281,0.293,0.362,0.08,0.113,2024
Zambia,134,3.502,3.636,3.368,0.899,0.809,0.264,0.727,0.168,0.109,2024
Eswatini,135,3.502,3.673,3.331,1.255,0.925,0.176,0.284,0.059,0.116,2024
Malawi,136,3.421,3.561,3.281,0.617,0.41,0.349,0.571,0.135,0.136,2024
Botswana,137,3.383,3.558,3.209,1.445,0.969,0.241,0.567,0.014,0.082,2024
Zimbabwe,138,3.341,3.457,3.226,0.748,0.85,0.232,0.487,0.096,0.131,2024
Congo (Kinshasa),139,3.295,3.462,3.128,0.534,0.665,0.262,0.473,0.189,0.072,2024
Sierra Leone,140,3.245,3.366,3.124,0.654,0.566,0.253,0.469,0.181,0.053,2024
Lesotho,141,3.186,3.469,2.904,0.771,0.851,0.0,0.523,0.082,0.085,2024
Lebanon,142,2.707,2.797,2.616,1.377,0.577,0.556,0.173,0.068,0.029,2024
Afghanistan,143,1.721,1.775,1.667,0.628,0.0,0.242,0.0,0.091,0.088,2024
